timestamp,value
2024-01-01 00:00:00,0.04967141530112327
2024-01-01 01:00:00,0.017615760802002133
2024-01-01 02:00:00,0.12762214385455117
2024-01-01 03:00:00,0.2465052219684288
2024-01-01 04:00:00,0.10204269270796243
2024-01-01 05:00:00,0.1331760684336396
2024-01-01 06:00:00,0.34548793492657626
2024-01-01 07:00:00,0.2951015391599363
2024-01-01 08:00:00,0.2019861158733964
2024-01-01 09:00:00,0.3335188876514265
2024-01-01 10:00:00,0.26297429210762263
2024-01-01 11:00:00,0.29249039513764946
2024-01-01 12:00:00,0.3926716219668533
2024-01-01 13:00:00,0.20619502561813313
2024-01-01 14:00:00,0.253685829121132
2024-01-01 15:00:00,0.3981819935207801
2024-01-01 16:00:00,0.3809114217686053
2024-01-01 17:00:00,0.5409262335434006
2024-01-01 18:00:00,0.44550223568526137
2024-01-01 19:00:00,0.4213470880849079
2024-01-01 20:00:00,0.7348588420929605
2024-01-01 21:00:00,0.5908511042180082
2024-01-01 22:00:00,0.6447097312219041
2024-01-01 23:00:00,0.5193794212085223
2024-01-02 00:00:00,0.6306588180312626
2024-01-02 01:00:00,0.718754737857491
2024-01-02 02:00:00,0.6144287333799581
2024-01-02 03:00:00,0.7882421070872915
2024-01-02 04:00:00,0.7110103437068441
2024-01-02 05:00:00,0.761544263935766
2024-01-02 06:00:00,0.7494005021178043
2024-01-02 07:00:00,1.0128559570536249
2024-01-02 08:00:00,0.8435169864820243
2024-01-02 09:00:00,0.7554987350436406
2024-01-02 10:00:00,0.9590757664434725
2024-01-02 11:00:00,0.7694213077011816
2024-01-02 12:00:00,0.9261948590830722
2024-01-02 13:00:00,0.7222490944922965
2024-01-02 14:00:00,0.7973971259387611
2024-01-02 15:00:00,0.9609816291164155
2024-01-02 16:00:00,1.0252911326827177
2024-01-02 17:00:00,0.9777894305413181
2024-01-02 18:00:00,0.9573459549973254
2024-01-02 19:00:00,0.9461004814155007
2024-01-02 20:00:00,0.834693387885885
2024-01-02 21:00:00,0.9159243061007072
2024-01-02 22:00:00,0.9462310905588349
2024-01-02 23:00:00,1.1014121943287292
2024-01-03 00:00:00,1.0324822009949925
2024-01-03 01:00:00,0.8232497596854904
2024-01-03 02:00:00,1.032407160768077
2024-01-03 03:00:00,0.9609466697874376
2024-01-03 04:00:00,0.9302305149976474
2024-01-03 05:00:00,1.0565713594180994
2024-01-03 06:00:00,1.095000387508472
2024-01-03 07:00:00,1.0805443053684087
2024-01-03 08:00:00,0.8980339869752428
2024-01-03 09:00:00,0.9446029348967173
2024-01-03 10:00:00,1.0012542960424753
2024-01-03 11:00:00,1.057328907065425
2024-01-03 12:00:00,0.9025543335155826
2024-01-03 13:00:00,0.9216633430433773
2024-01-03 14:00:00,0.81842347555376
2024-01-03 15:00:00,0.7973453393879464
2024-01-03 16:00:00,0.985220865701436
2024-01-03 17:00:00,1.0257006736789884
2024-01-03 18:00:00,0.8681038885197797
2024-01-03 19:00:00,0.9600208699699478
2024-01-03 20:00:00,0.8793437748909858
2024-01-03 21:00:00,0.7613470055030308
2024-01-03 22:00:00,0.8438606946246485
2024-01-03 23:00:00,0.9425882240792284
2024-01-04 00:00:00,0.7654854026633218
2024-01-04 01:00:00,0.9050553139163913
2024-01-04 02:00:00,0.4653991311640744
2024-01-04 03:00:00,0.7876273175834757
2024-01-04 04:00:00,0.6915076239870063
2024-01-04 05:00:00,0.6295928384893094
2024-01-04 06:00:00,0.6447081634979347
2024-01-04 07:00:00,0.41218525708533377
2024-01-04 08:00:00,0.5637808887580885
2024-01-04 09:00:00,0.5956860432887701
2024-01-04 10:00:00,0.6814371648762743
2024-01-04 11:00:00,0.45496601214090815
2024-01-04 12:00:00,0.3985878019994912
2024-01-04 13:00:00,0.40143149201844175
2024-01-04 14:00:00,0.514870867826742
2024-01-04 15:00:00,0.42751061371540955
2024-01-04 16:00:00,0.31257409144851556
2024-01-04 17:00:00,0.38742998785355187
2024-01-04 18:00:00,0.3160317745415878
2024-01-04 19:00:00,0.3731063834323634
2024-01-04 20:00:00,0.1756812763661153
2024-01-04 21:00:00,0.18252192608531395
2024-01-04 22:00:00,0.14526599149027677
2024-01-04 23:00:00,0.00713155708300478
2024-01-05 00:00:00,0.15194955208491492
2024-01-05 01:00:00,0.11717654990463003
2024-01-05 02:00:00,0.06022581054745643
2024-01-05 03:00:00,0.004840144745603531
2024-01-05 04:00:00,4.855318193587222
2024-01-05 05:00:00,-0.07664974508835268
2024-01-05 06:00:00,-0.10026294527929717
2024-01-05 07:00:00,-0.1775602452904641
2024-01-05 08:00:00,-0.1447058664484694
2024-01-05 09:00:00,-0.11928984210609522
2024-01-05 10:00:00,-0.002036054912011004
2024-01-05 11:00:00,-0.20396805103837498
2024-01-05 12:00:00,-0.22622302231284835
2024-01-05 13:00:00,-0.2897257120505882
2024-01-05 14:00:00,-0.5041821657613933
2024-01-05 15:00:00,-0.3446715308705899
2024-01-05 16:00:00,-0.36537401281346527
2024-01-05 17:00:00,-0.15408245491927483
2024-01-05 18:00:00,-0.44825645054043856
2024-01-05 19:00:00,-0.42705506844571756
2024-01-05 20:00:00,-0.48841831368801164
2024-01-05 21:00:00,-0.6290727317150673
2024-01-05 22:00:00,-0.42467394090871396
2024-01-05 23:00:00,-0.48998126349671484
2024-01-06 00:00:00,-0.5117308403016531
2024-01-06 01:00:00,-0.7068479990466531
2024-01-06 02:00:00,-0.5000959955794159
2024-01-06 03:00:00,-0.8043934670848418
2024-01-06 04:00:00,-0.6286987792490828
2024-01-06 05:00:00,-0.49083532971343047
2024-01-06 06:00:00,-0.8307289586147468
2024-01-06 07:00:00,-0.8093760114582318
2024-01-06 08:00:00,-0.7631076568799534
2024-01-06 09:00:00,-0.8429824561533046
2024-01-06 10:00:00,-0.9664795295694786
2024-01-06 11:00:00,-0.8225328140444798
2024-01-06 12:00:00,-0.9527752617026709
2024-01-06 13:00:00,-0.8155043152224125
2024-01-06 14:00:00,-0.9702714020061487
2024-01-06 15:00:00,-0.7379324176478144
2024-01-06 16:00:00,-0.984965092010513
2024-01-06 17:00:00,-0.9516632830107727
2024-01-06 18:00:00,-0.850013567722887
2024-01-06 19:00:00,-1.0654388931777141
2024-01-06 20:00:00,-0.9296617894240382
2024-01-06 21:00:00,-0.8308070348188825
2024-01-06 22:00:00,-1.1304323551138102
2024-01-06 23:00:00,-0.958424489508262
2024-01-07 00:00:00,-0.9571374383708617
2024-01-07 01:00:00,-0.9102091034557417
2024-01-07 02:00:00,-1.1163747579713283
2024-01-07 03:00:00,-1.128032027347532
2024-01-07 04:00:00,-0.9461140017095784
2024-01-07 05:00:00,-0.9699443003389113
2024-01-07 06:00:00,-0.9749395894411264
2024-01-07 07:00:00,-0.9647013155122833
2024-01-07 08:00:00,-1.0657176613541106
2024-01-07 09:00:00,-0.9718722757341658
2024-01-07 10:00:00,-0.9621888462675168
2024-01-07 11:00:00,-1.058349236855797
2024-01-07 12:00:00,-0.794778729639084
2024-01-07 13:00:00,-0.9274445545833556
2024-01-07 14:00:00,-1.0864658981175552
2024-01-07 15:00:00,-0.8932313338612669
2024-01-07 16:00:00,-1.0469578073775458
2024-01-07 17:00:00,-0.8604452172455228
2024-01-07 18:00:00,-0.812029469395769
2024-01-07 19:00:00,-0.9977750603353406
2024-01-07 20:00:00,-0.8062815147446021
2024-01-07 21:00:00,-0.8473607739587062
2024-01-07 22:00:00,-0.7915738539132801
2024-01-07 23:00:00,-0.6683775325902931
2024-01-08 00:00:00,-0.8660241089003374
2024-01-08 01:00:00,-0.8994552725391134
2024-01-08 02:00:00,-0.8948145599202219
2024-01-08 03:00:00,-0.8684287238681341
2024-01-08 04:00:00,-0.7747643657970094
2024-01-08 05:00:00,-0.7123869908463882
2024-01-08 06:00:00,-0.6975429188273957
2024-01-08 07:00:00,-0.6204863541770818
2024-01-08 08:00:00,-0.6792018021674624
2024-01-08 09:00:00,-0.5117729775534574
2024-01-08 10:00:00,-0.6595666592506172
2024-01-08 11:00:00,-0.336432604335256
2024-01-08 12:00:00,-0.5206296624297733
2024-01-08 13:00:00,-0.6430823319032708
2024-01-08 14:00:00,-0.6380748499354317
2024-01-08 15:00:00,-0.4558323142670068
2024-01-08 16:00:00,-0.49902132797901305
2024-01-08 17:00:00,-0.37739913079125326
2024-01-08 18:00:00,-0.3731557508118607
2024-01-08 19:00:00,-0.3990269439860852
2024-01-08 20:00:00,-0.44730058558850777
2024-01-08 21:00:00,-0.484624517210645
2024-01-08 22:00:00,-0.3479804436813294
2024-01-08 23:00:00,-0.18757827417611905
2024-01-09 00:00:00,-0.22142781096556693
2024-01-09 01:00:00,-0.33678996405370754
2024-01-09 02:00:00,-0.1640670432875334
2024-01-09 03:00:00,-0.11184308384105332
2024-01-09 04:00:00,-0.20760155235628758
2024-01-09 05:00:00,-0.0725663978165091
2024-01-09 06:00:00,-0.050754177339192734
2024-01-09 07:00:00,-0.13945227517243916
2024-01-09 08:00:00,0.04206816935089536
2024-01-09 09:00:00,0.09380634531554016
2024-01-09 10:00:00,0.17743416891231117
2024-01-09 11:00:00,0.20584204305565745
2024-01-09 12:00:00,-0.006071647960086052
2024-01-09 13:00:00,0.06901600817358178
2024-01-09 14:00:00,0.24524427795776274
2024-01-09 15:00:00,0.2758700037287929
2024-01-09 16:00:00,0.30652484503091487
2024-01-09 17:00:00,0.6705697151395209
2024-01-09 18:00:00,0.3723799896448185
2024-01-09 19:00:00,0.45853009781265
2024-01-09 20:00:00,0.46971517627333814
2024-01-09 21:00:00,0.4684254476145603
2024-01-09 22:00:00,0.40033192854926236
2024-01-09 23:00:00,0.5359012594479367
2024-01-10 00:00:00,0.41041242235987657
2024-01-10 01:00:00,0.49122142956681125
2024-01-10 02:00:00,0.4930661167652794
2024-01-10 03:00:00,0.5759535000333392
2024-01-10 04:00:00,0.8248341185049707
2024-01-10 05:00:00,0.4316571626570401
2024-01-10 06:00:00,0.7114136287239898
2024-01-10 07:00:00,0.5052843260634062
2024-01-10 08:00:00,0.6424719023993182
2024-01-10 09:00:00,0.8209873451277613
2024-01-10 10:00:00,0.7402433271862734
2024-01-10 11:00:00,0.647038249767868
2024-01-10 12:00:00,0.7035333579536046
2024-01-10 13:00:00,0.8625080788059107
2024-01-10 14:00:00,0.7402105220520189
2024-01-10 15:00:00,0.8527877412738909
2024-01-10 16:00:00,0.8527718839031831
2024-01-10 17:00:00,0.7992887206992829
2024-01-10 18:00:00,1.0942224047489617
2024-01-10 19:00:00,0.9577291153628279
2024-01-10 20:00:00,0.705447801213785
2024-01-10 21:00:00,0.9393344945298057
2024-01-10 22:00:00,0.8663269910028683
2024-01-10 23:00:00,1.0286434317512032
2024-01-11 00:00:00,0.874109598534159
2024-01-11 01:00:00,0.9509068650899435
2024-01-11 02:00:00,1.0209464184178425
2024-01-11 03:00:00,1.0641307583646982
2024-01-11 04:00:00,0.8636664854740324
2024-01-11 05:00:00,0.9554141561793407
2024-01-11 06:00:00,0.945560058024272
2024-01-11 07:00:00,0.9309299874411832
2024-01-11 08:00:00,1.175031495898632
2024-01-11 09:00:00,1.0402200453664843
2024-01-11 10:00:00,0.8738807004342424
2024-01-11 11:00:00,1.091013686901557
2024-01-11 12:00:00,1.209713416295763
2024-01-11 13:00:00,1.0980282455377
2024-01-11 14:00:00,0.8391449500736183
2024-01-11 15:00:00,0.9379787294090896
2024-01-11 16:00:00,1.107438032138702
2024-01-11 17:00:00,0.9033549338768583
2024-01-11 18:00:00,1.0109155203726643
2024-01-11 19:00:00,1.0354529176584226
2024-01-11 20:00:00,0.8558050864019875
2024-01-11 21:00:00,0.9321162912899863
2024-01-11 22:00:00,0.6025851713983781
2024-01-11 23:00:00,0.811999835311737
2024-01-12 00:00:00,0.876004230406629
2024-01-12 01:00:00,0.7624139562121192
2024-01-12 02:00:00,1.0354873284126507
2024-01-12 03:00:00,0.7134234580972834
2024-01-12 04:00:00,0.795777651788842
2024-01-12 05:00:00,0.835370239327419
2024-01-12 06:00:00,0.9481244592735525
2024-01-12 07:00:00,0.6413168267684608
2024-01-12 08:00:00,0.881349172673386
2024-01-12 09:00:00,0.7454293519903787
2024-01-12 10:00:00,0.6248923189567152
2024-01-12 11:00:00,0.7471756841939254
2024-01-12 12:00:00,0.6981003053720141
2024-01-12 13:00:00,0.594731010723856
2024-01-12 14:00:00,0.6376438135415594
2024-01-12 15:00:00,0.5674195165773737
2024-01-12 16:00:00,0.5919906839537317
2024-01-12 17:00:00,0.6209659218362229
2024-01-12 18:00:00,0.6869198703605875
2024-01-12 19:00:00,0.3775795427049216
2024-01-12 20:00:00,0.6872115600560702
2024-01-12 21:00:00,0.25077794573282597
2024-01-12 22:00:00,0.4024457027029102
2024-01-12 23:00:00,0.4476804492398465
2024-01-13 00:00:00,0.38778791641804006
2024-01-13 01:00:00,0.26790309841877824
2024-01-13 02:00:00,0.27951865257602354
2024-01-13 03:00:00,0.2208916274178992
2024-01-13 04:00:00,0.18084890780331492
2024-01-13 05:00:00,0.2941021426396715
2024-01-13 06:00:00,0.21399321975448202
2024-01-13 07:00:00,0.0779741450940768
2024-01-13 08:00:00,0.2060529016685561
2024-01-13 09:00:00,0.11553587656317069
2024-01-13 10:00:00,0.13472128587695373
2024-01-13 11:00:00,0.08497426811859057
2024-01-13 12:00:00,4.907666426681898
2024-01-13 13:00:00,-0.09688830346040729
2024-01-13 14:00:00,0.0024634485917401777
2024-01-13 15:00:00,-0.042553137288892096
2024-01-13 16:00:00,-0.13690213940299858
2024-01-13 17:00:00,-0.15416774823783497
2024-01-13 18:00:00,-0.06905845188886126
2024-01-13 19:00:00,-0.286711903759664
2024-01-13 20:00:00,-0.20334983131184534
2024-01-13 21:00:00,-0.30852845551561037
2024-01-13 22:00:00,-0.34004183521502995
2024-01-13 23:00:00,-0.23804582749556452
2024-01-14 00:00:00,-0.29468762940396515
2024-01-14 01:00:00,-0.3248110269544071
2024-01-14 02:00:00,-0.30414520043896154
2024-01-14 03:00:00,-0.46069393880402215
2024-01-14 04:00:00,-0.4222426307869234
2024-01-14 05:00:00,-0.5486232361212235
2024-01-14 06:00:00,-0.5118267293827345
2024-01-14 07:00:00,-0.5833662960146684
2024-01-14 08:00:00,-0.5861970241346247
2024-01-14 09:00:00,-0.5613362922995513
2024-01-14 10:00:00,-0.72701550426204
2024-01-14 11:00:00,-0.45965814617579304
2024-01-14 12:00:00,-0.7925406071275161
2024-01-14 13:00:00,-0.8357154977057928
2024-01-14 14:00:00,-0.6201369801340955
2024-01-14 15:00:00,-0.6777054826086972
2024-01-14 16:00:00,-0.7146350177770722
2024-01-14 17:00:00,-0.7336193085785006
2024-01-14 18:00:00,-0.8162978187709533
2024-01-14 19:00:00,-0.9226118707893565
2024-01-14 20:00:00,-0.8422956653713128
2024-01-14 21:00:00,-0.933741574935649
2024-01-14 22:00:00,-0.7838063387680313
2024-01-14 23:00:00,-0.9104454618354687
2024-01-15 00:00:00,-0.9918250974931393
2024-01-15 01:00:00,-0.9540504738505242
2024-01-15 02:00:00,-0.8923436181832837
2024-01-15 03:00:00,-1.0008108606612258
2024-01-15 04:00:00,-1.0365281732853915
2024-01-15 05:00:00,-0.9388614697447211
2024-01-15 06:00:00,-0.9467050951595039
2024-01-15 07:00:00,-1.0289072526703213
2024-01-15 08:00:00,-1.0313606369952009
2024-01-15 09:00:00,-0.9661223959177295
2024-01-15 10:00:00,-1.138228104867543
2024-01-15 11:00:00,-1.1372759803879922
2024-01-15 12:00:00,-1.0704985332017
2024-01-15 13:00:00,-1.0211358094351108
2024-01-15 14:00:00,-0.9688486716404933
2024-01-15 15:00:00,-0.8515633445097264
2024-01-15 16:00:00,-0.9115045770526309
2024-01-15 17:00:00,-1.0104498087516205
2024-01-15 18:00:00,-0.9925596193597008
2024-01-15 19:00:00,-1.0861333599111769
2024-01-15 20:00:00,-0.9819792683214157
2024-01-15 21:00:00,-1.0022721446480165
2024-01-15 22:00:00,-0.9334501922815461
2024-01-15 23:00:00,-1.0398059503535038
2024-01-16 00:00:00,-0.895562595296313
2024-01-16 01:00:00,-0.7837008079671807
2024-01-16 02:00:00,-0.9364016337673641
2024-01-16 03:00:00,-0.8729901549630894
2024-01-16 04:00:00,-0.8308796513522071
2024-01-16 05:00:00,-0.9258589555851139
2024-01-16 06:00:00,-0.8482946519840866
2024-01-16 07:00:00,-0.8535506512287473
2024-01-16 08:00:00,-0.8283029888503439
2024-01-16 09:00:00,-0.8978035534926346
2024-01-16 10:00:00,-0.7996721753291499
2024-01-16 11:00:00,-0.7331507970839195
2024-01-16 12:00:00,-0.6178894735920244
2024-01-16 13:00:00,-0.6463754591370897
2024-01-16 14:00:00,-0.5055489731734303
2024-01-16 15:00:00,-0.7754538186411731
2024-01-16 16:00:00,-0.5886479096906119
2024-01-16 17:00:00,-0.6340383359479562
2024-01-16 18:00:00,-0.40923970397387666
2024-01-16 19:00:00,-0.6842760675989428
2024-01-16 20:00:00,-0.6620479437184495
2024-01-16 21:00:00,-0.6120729108974735
2024-01-16 22:00:00,-0.7380351250623022
2024-01-16 23:00:00,-0.5512131734090682
2024-01-17 00:00:00,-0.5470499752383879
2024-01-17 01:00:00,-0.42813048199650705
2024-01-17 02:00:00,-0.38058918352769255
2024-01-17 03:00:00,-0.19833247507374138
2024-01-17 04:00:00,-0.2617103045956278
2024-01-17 05:00:00,-0.3848934064240127
2024-01-17 06:00:00,-0.3871713038020087
2024-01-17 07:00:00,-0.21797069898387278
2024-01-17 08:00:00,-0.3687545309937457
2024-01-17 09:00:00,-0.0229198348262587
2024-01-17 10:00:00,-0.05725243117974152
2024-01-17 11:00:00,-0.1910714962784298
2024-01-17 12:00:00,-0.28428232433816136
2024-01-17 13:00:00,0.05371513555333421
2024-01-17 14:00:00,-0.06174855488862996
2024-01-17 15:00:00,0.10491432641287737
2024-01-17 16:00:00,-0.1468641480406971
2024-01-17 17:00:00,-0.015925400272996805
2024-01-17 18:00:00,0.075926434554219
2024-01-17 19:00:00,0.11141552474783246
2024-01-17 20:00:00,0.09292079082472707
2024-01-17 21:00:00,0.23128581355659708
2024-01-17 22:00:00,0.09314514228654355
2024-01-17 23:00:00,0.21637792224030952
2024-01-18 00:00:00,0.27312607358327706
2024-01-18 01:00:00,0.3427628466814213
2024-01-18 02:00:00,0.3924148314930322
2024-01-18 03:00:00,0.23840584166754164
2024-01-18 04:00:00,0.22672838105003282
2024-01-18 05:00:00,0.5368013241305954
2024-01-18 06:00:00,0.4707544116548623
2024-01-18 07:00:00,0.3907310781383009
2024-01-18 08:00:00,0.648291259451726
2024-01-18 09:00:00,0.5318521754108628
2024-01-18 10:00:00,0.6648085939000085
2024-01-18 11:00:00,0.5796841027830295
2024-01-18 12:00:00,0.8044938788791244
2024-01-18 13:00:00,0.7988482521825363
2024-01-18 14:00:00,0.622696466789486
2024-01-18 15:00:00,0.7683883144363378
2024-01-18 16:00:00,0.7587434010992358
2024-01-18 17:00:00,0.8533570792360168
2024-01-18 18:00:00,0.6415811855743274
2024-01-18 19:00:00,0.8275284374679319
2024-01-18 20:00:00,0.8848650342684492
2024-01-18 21:00:00,0.622477590032094
2024-01-18 22:00:00,0.6985651859263264
2024-01-18 23:00:00,0.6306995304718062
2024-01-19 00:00:00,0.8245884542888546
2024-01-19 01:00:00,0.9393477132471968
2024-01-19 02:00:00,1.033035617934222
2024-01-19 03:00:00,0.9045428539842912
2024-01-19 04:00:00,1.0734412581491646
2024-01-19 05:00:00,0.7851154533728223
2024-01-19 06:00:00,0.7644204127316349
2024-01-19 07:00:00,0.9399126027042011
2024-01-19 08:00:00,0.9936477024922171
2024-01-19 09:00:00,0.960800872006741
2024-01-19 10:00:00,0.7652019994482457
2024-01-19 11:00:00,0.9699489534625825
2024-01-19 12:00:00,0.8543608029617223
2024-01-19 13:00:00,1.056747970606787
2024-01-19 14:00:00,1.0304347526151088
2024-01-19 15:00:00,0.9027984615242987
2024-01-19 16:00:00,0.9474255824935998
2024-01-19 17:00:00,0.8939290747694052
2024-01-19 18:00:00,0.9936319620394317
2024-01-19 19:00:00,1.0944747918089512
2024-01-19 20:00:00,0.8984608151451359
2024-01-19 21:00:00,1.044525009041724
2024-01-19 22:00:00,0.9371984916539546
2024-01-19 23:00:00,0.9060616772413822
2024-01-20 00:00:00,0.9687962633856608
2024-01-20 01:00:00,0.8691568224612232
2024-01-20 02:00:00,0.9095360381600213
2024-01-20 03:00:00,0.8363789454803665
2024-01-20 04:00:00,1.1429595030264919
2024-01-20 05:00:00,0.9393976607509853
2024-01-20 06:00:00,0.8543576287780501
2024-01-20 07:00:00,0.9332730153884569
2024-01-20 08:00:00,0.8872853511507852
2024-01-20 09:00:00,0.8621758230554564
2024-01-20 10:00:00,0.9305696616063421
2024-01-20 11:00:00,0.928924504198124
2024-01-20 12:00:00,0.783300694204724
2024-01-20 13:00:00,0.7611190303013605
2024-01-20 14:00:00,0.7727361529388691
2024-01-20 15:00:00,0.5507983511723602
2024-01-20 16:00:00,0.6094482194418135
2024-01-20 17:00:00,0.876879123446397
2024-01-20 18:00:00,0.8831808962186676
2024-01-20 19:00:00,0.6715622740935846
2024-01-20 20:00:00,0.7312146231924443
2024-01-20 21:00:00,0.681110938508002
2024-01-20 22:00:00,0.9336582576973311
2024-01-20 23:00:00,0.7128931253065819
2024-01-21 00:00:00,0.5627150936218145
2024-01-21 01:00:00,0.4539549340107644
2024-01-21 02:00:00,0.36232308619004594
2024-01-21 03:00:00,0.5162556822711138
2024-01-21 04:00:00,0.39272546180423207
2024-01-21 05:00:00,0.2981232419748535
2024-01-21 06:00:00,0.34724395981974143
2024-01-21 07:00:00,0.27489177224172934
2024-01-21 08:00:00,0.5225272826335962
2024-01-21 09:00:00,0.4123937711793167
2024-01-21 10:00:00,0.2935285911876222
2024-01-21 11:00:00,0.41212528320561087
2024-01-21 12:00:00,0.24141152672901597
2024-01-21 13:00:00,0.1168590318939364
2024-01-21 14:00:00,0.32441189049113595
2024-01-21 15:00:00,0.1949323362933861
2024-01-21 16:00:00,0.006119096109856795
2024-01-21 17:00:00,0.059503603757310966
2024-01-21 18:00:00,-0.04040825598616817
2024-01-21 19:00:00,-0.12255693403939101
2024-01-21 20:00:00,0.07689471569612451
2024-01-21 21:00:00,0.1437880946947085
2024-01-21 22:00:00,-0.21839422894758292
2024-01-21 23:00:00,-0.05354678787344061
2024-01-22 00:00:00,-0.2061055888371
2024-01-22 01:00:00,-0.2208120211406369
2024-01-22 02:00:00,-0.26222684445064676
2024-01-22 03:00:00,-0.3200737729322328
2024-01-22 04:00:00,-0.25927870652212265
2024-01-22 05:00:00,-0.37742086696038485
2024-01-22 06:00:00,-0.2971841129063849
2024-01-22 07:00:00,-0.3588369300712522
2024-01-22 08:00:00,-0.40694137728980706
2024-01-22 09:00:00,-0.5026576144481496
2024-01-22 10:00:00,-0.49802574599145155
2024-01-22 11:00:00,-0.39282141375008256
2024-01-22 12:00:00,-0.44581759992195086
2024-01-22 13:00:00,-0.6207232426956558
2024-01-22 14:00:00,-0.5395757475278834
2024-01-22 15:00:00,-0.5003681404327097
2024-01-22 16:00:00,-0.7678761622752577
2024-01-22 17:00:00,-0.5714341576138116
2024-01-22 18:00:00,-0.7162482989482293
2024-01-22 19:00:00,-0.6164990600275495
2024-01-22 20:00:00,-0.7727917937034721
2024-01-22 21:00:00,-0.8991723349349902
2024-01-22 22:00:00,-0.9029459404902588
2024-01-22 23:00:00,-0.7561588309955274
2024-01-23 00:00:00,-0.7550182174737686
2024-01-23 01:00:00,-0.8906729851644715
2024-01-23 02:00:00,-0.7548416084880905
2024-01-23 03:00:00,-1.0025028151926711
2024-01-23 04:00:00,-0.8597817130581226
2024-01-23 05:00:00,-0.9902546115782438
2024-01-23 06:00:00,-0.9494563937889923
2024-01-23 07:00:00,-0.8937782889882254
2024-01-23 08:00:00,-0.997916360843428
2024-01-23 09:00:00,-0.9627857340002908
2024-01-23 10:00:00,-0.8352420246323673
2024-01-23 11:00:00,-1.0041761766871662
2024-01-23 12:00:00,-0.8725975235327363
2024-01-23 13:00:00,-1.0778716541605
2024-01-23 14:00:00,-0.9197006369116316
2024-01-23 15:00:00,-0.835342437315326
2024-01-23 16:00:00,-1.2325134104803455
2024-01-23 17:00:00,-1.069913779038246
2024-01-23 18:00:00,-0.9364131447718849
2024-01-23 19:00:00,-1.0173379583829893
2024-01-23 20:00:00,-0.9618459724216963
2024-01-23 21:00:00,-1.060298390438331
2024-01-23 22:00:00,-0.9911914482110105
2024-01-23 23:00:00,-1.0143799977664771
2024-01-24 00:00:00,-0.8800082339910537
2024-01-24 01:00:00,-0.9683328436753033
2024-01-24 02:00:00,-0.9560204495162634
2024-01-24 03:00:00,-1.0259954496244552
2024-01-24 04:00:00,-1.027621579821111
2024-01-24 05:00:00,-1.0152020282341963
2024-01-24 06:00:00,-0.924625132578322
2024-01-24 07:00:00,-0.9973396056803137
2024-01-24 08:00:00,-0.9164898869042232
2024-01-24 09:00:00,-0.7272185768026076
2024-01-24 10:00:00,-0.8360131288511441
2024-01-24 11:00:00,-0.9431820568088198
2024-01-24 12:00:00,-0.7770119837259205
2024-01-24 13:00:00,-0.9236074500267765
2024-01-24 14:00:00,-1.0714059411853873
2024-01-24 15:00:00,-0.9523377688250533
2024-01-24 16:00:00,-1.0217019403504035
2024-01-24 17:00:00,-0.8520423855970376
2024-01-24 18:00:00,-0.7965097007554509
2024-01-24 19:00:00,-0.6113788543559641
2024-01-24 20:00:00,-0.7262305540916748
2024-01-24 21:00:00,-0.7599835845132263
2024-01-24 22:00:00,-0.6335533653644364
2024-01-24 23:00:00,-0.9153193370415118
2024-01-25 00:00:00,-0.6476697635300479
2024-01-25 01:00:00,-0.5705063622486976
2024-01-25 02:00:00,-0.7711727925162023
2024-01-25 03:00:00,-0.4840436820702366
2024-01-25 04:00:00,-0.5390826138925796
2024-01-25 05:00:00,-0.5884076668837099
2024-01-25 06:00:00,-0.45700652537095104
2024-01-25 07:00:00,-0.26610677611903677
2024-01-25 08:00:00,-0.4473931062881078
2024-01-25 09:00:00,-0.4127009518268723
2024-01-25 10:00:00,-0.4549697318947733
2024-01-25 11:00:00,-0.465124235070077
2024-01-25 12:00:00,-0.2678364691969085
2024-01-25 13:00:00,-0.4068617262750311
2024-01-25 14:00:00,-0.28416233955361003
2024-01-25 15:00:00,-0.3088622550886035
2024-01-25 16:00:00,-0.18271788816780257
2024-01-25 17:00:00,-0.16654097469611284
2024-01-25 18:00:00,-0.06524682589606023
2024-01-25 19:00:00,-0.1889289778581309
2024-01-25 20:00:00,-0.1337049589006966
2024-01-25 21:00:00,-0.17327843616063443
2024-01-25 22:00:00,-0.0884414280299964
2024-01-25 23:00:00,0.025151431465742592
2024-01-26 00:00:00,5.094566166448999
2024-01-26 01:00:00,-0.041921962054397376
2024-01-26 02:00:00,0.16863269387377017
2024-01-26 03:00:00,0.24853265730956745
2024-01-26 04:00:00,0.1854974213903264
2024-01-26 05:00:00,0.36287602450767215
2024-01-26 06:00:00,0.12868679150133383
2024-01-26 07:00:00,0.11226573996053517
2024-01-26 08:00:00,0.08929059124409255
2024-01-26 09:00:00,0.4469342678160883
2024-01-26 10:00:00,0.3926396064931771
2024-01-26 11:00:00,0.35119422132318445
2024-01-26 12:00:00,0.4139464216273076
2024-01-26 13:00:00,0.3022158763755681
2024-01-26 14:00:00,0.6877450586058063
2024-01-26 15:00:00,0.4840588272805399
2024-01-26 16:00:00,0.5095771507014788
2024-01-26 17:00:00,0.5982222150211898
2024-01-26 18:00:00,0.60023456952674
2024-01-26 19:00:00,0.6004641619282812
2024-01-26 20:00:00,0.5243987935188941
2024-01-26 21:00:00,0.6753668330092397
2024-01-26 22:00:00,0.8405749861692937
2024-01-26 23:00:00,0.8104219779781753
2024-01-27 00:00:00,0.8580377250163045
2024-01-27 01:00:00,0.6697456512814653
2024-01-27 02:00:00,0.6433420597197491
2024-01-27 03:00:00,0.7504251423615617
2024-01-27 04:00:00,0.788523117437331
2024-01-27 05:00:00,0.9115423446021382
2024-01-27 06:00:00,0.6512561121356043
2024-01-27 07:00:00,0.9910256306512859
2024-01-27 08:00:00,0.8390091014490263
2024-01-27 09:00:00,0.828015793170384
2024-01-27 10:00:00,0.7845264708705121
2024-01-27 11:00:00,0.7344083833367401
2024-01-27 12:00:00,0.9954783855691745
2024-01-27 13:00:00,0.9328574156405176
2024-01-27 14:00:00,0.8079786092933314
2024-01-27 15:00:00,0.8179893695140676
2024-01-27 16:00:00,0.9235043860692571
2024-01-27 17:00:00,1.1326242008442937
2024-01-27 18:00:00,0.9474471456196416
2024-01-27 19:00:00,0.8298136594103659
2024-01-27 20:00:00,0.9613061170388011
2024-01-27 21:00:00,0.9633856415946642
2024-01-27 22:00:00,0.7247672914611203
2024-01-27 23:00:00,0.9918410527210513
2024-01-28 00:00:00,0.9760055131838136
2024-01-28 01:00:00,1.0695600646816354
2024-01-28 02:00:00,1.1846867037584607
2024-01-28 03:00:00,1.1113106140312323
2024-01-28 04:00:00,0.969640733894854
2024-01-28 05:00:00,0.8827670798436438
2024-01-28 06:00:00,1.2466633699784802
2024-01-28 07:00:00,0.9901786498348176
2024-01-28 08:00:00,0.9796058643245036
2024-01-28 09:00:00,0.9687892435593769
2024-01-28 10:00:00,0.9830386669706985
2024-01-28 11:00:00,0.9398700925363556
2024-01-28 12:00:00,0.8870722046928056
2024-01-28 13:00:00,0.8789508694868079
2024-01-28 14:00:00,0.9186365626636256
2024-01-28 15:00:00,0.854932900700513
2024-01-28 16:00:00,0.8244551454175406
2024-01-28 17:00:00,0.8919613348789975
2024-01-28 18:00:00,0.8405276820423547
2024-01-28 19:00:00,1.0002754200489559
2024-01-28 20:00:00,0.5677894528014737
2024-01-28 21:00:00,0.9242238266785088
2024-01-28 22:00:00,0.9210623787546932
2024-01-28 23:00:00,0.5697079762414757
2024-01-29 00:00:00,0.7226029925969579
2024-01-29 01:00:00,0.6988039808845263
2024-01-29 02:00:00,0.5735454669552396
2024-01-29 03:00:00,0.6141572002184605
2024-01-29 04:00:00,0.557839289197757
2024-01-29 05:00:00,0.8204204802810572
2024-01-29 06:00:00,0.7144198341579925
2024-01-29 07:00:00,0.7230521301333148
2024-01-29 08:00:00,0.6425191969822274
2024-01-29 09:00:00,0.431338187509857
2024-01-29 10:00:00,0.46514453383390314
2024-01-29 11:00:00,0.5393753840392158
2024-01-29 12:00:00,0.3405815420781062
2024-01-29 13:00:00,0.5059929241716375
2024-01-29 14:00:00,0.3821294507386602
2024-01-29 15:00:00,0.33974718354781286
2024-01-29 16:00:00,0.41901950951463385
2024-01-29 17:00:00,0.3627000460409148
2024-01-29 18:00:00,0.2522125736903176
2024-01-29 19:00:00,0.3739925497652768
2024-01-29 20:00:00,0.1194484321160959
2024-01-29 21:00:00,0.2584185021621331
2024-01-29 22:00:00,0.2252106123655545
2024-01-29 23:00:00,0.10385733607518595
2024-01-30 00:00:00,0.13620346605645337
2024-01-30 01:00:00,-0.052845445717939546
2024-01-30 02:00:00,0.13327290136140343
2024-01-30 03:00:00,-0.009056141418398903
2024-01-30 04:00:00,-0.07428368597813031
2024-01-30 05:00:00,0.051465848590634224
2024-01-30 06:00:00,-0.15524029352978447
2024-01-30 07:00:00,-0.25693904376158405
2024-01-30 08:00:00,-0.3029280219725279
2024-01-30 09:00:00,-0.11769067602341038
2024-01-30 10:00:00,-0.3371848681871926
2024-01-30 11:00:00,-0.06430596529929841
2024-01-30 12:00:00,-0.4783846616721519
2024-01-30 13:00:00,-0.1306852407827427
2024-01-30 14:00:00,-0.30907130368057295
2024-01-30 15:00:00,-0.3693600408315716
2024-01-30 16:00:00,-0.443340637272281
2024-01-30 17:00:00,-0.37771060077125707
2024-01-30 18:00:00,-0.44975019592755994
2024-01-30 19:00:00,-0.3635780343887888
2024-01-30 20:00:00,-0.48993832772139845
2024-01-30 21:00:00,-0.513288012599862
2024-01-30 22:00:00,-0.5911140756054999
2024-01-30 23:00:00,-0.5863335118007111
2024-01-31 00:00:00,-0.57517069937434
2024-01-31 01:00:00,-0.801680444308219
2024-01-31 02:00:00,-0.7895712406503045
2024-01-31 03:00:00,-0.603867926412392
2024-01-31 04:00:00,-0.6838787929548019
2024-01-31 05:00:00,-0.7414415176967748
2024-01-31 06:00:00,-0.7425626525818788
2024-01-31 07:00:00,-0.730274626921721
2024-01-31 08:00:00,-0.8388790099173401
2024-01-31 09:00:00,-0.8818276029071703
2024-01-31 10:00:00,-0.802711656089039
2024-01-31 11:00:00,-0.9376193782200419
2024-01-31 12:00:00,-0.8156123203218969
2024-01-31 13:00:00,-1.0425045584432697
2024-01-31 14:00:00,-0.7842767106760383
2024-01-31 15:00:00,-0.8540012973046401
2024-01-31 16:00:00,-0.8888356260137773
2024-01-31 17:00:00,-0.8284428070107321
2024-01-31 18:00:00,-0.7715213824499075
2024-01-31 19:00:00,-0.8470611270579811
2024-01-31 20:00:00,-1.142076935448653
2024-01-31 21:00:00,-1.0944912742316109
2024-01-31 22:00:00,-1.036603738208303
2024-01-31 23:00:00,-0.9781378121989559
2024-02-01 00:00:00,-0.9346362346488016
2024-02-01 01:00:00,-1.063656327984366
2024-02-01 02:00:00,-0.9761050430348771
2024-02-01 03:00:00,-1.073036089829832
2024-02-01 04:00:00,-1.060379272495274
2024-02-01 05:00:00,-1.140635205552569
2024-02-01 06:00:00,-1.0920451988814792
2024-02-01 07:00:00,-1.133654532432156
2024-02-01 08:00:00,-1.0938502359962878
2024-02-01 09:00:00,-0.8876904094795841
2024-02-01 10:00:00,-1.0838041686466302
2024-02-01 11:00:00,-0.7204579196958715
2024-02-01 12:00:00,-0.9282234488595981
2024-02-01 13:00:00,-0.95196407815031
2024-02-01 14:00:00,-1.0482162872547558
2024-02-01 15:00:00,-0.8833306844365306
2024-02-01 16:00:00,-1.0009638808953596
2024-02-01 17:00:00,-0.9203046560151715
2024-02-01 18:00:00,-0.6646806092259845
2024-02-01 19:00:00,-0.9175680498520128
2024-02-01 20:00:00,-0.7794098805024605
2024-02-01 21:00:00,-0.9501456383290198
2024-02-01 22:00:00,-0.8679476045095619
2024-02-01 23:00:00,-0.6711346363492529
2024-02-02 00:00:00,-0.8938385880944708
2024-02-02 01:00:00,-0.6320023294240414
2024-02-02 02:00:00,-0.7237731103668985
2024-02-02 03:00:00,-0.8313104064690295
2024-02-02 04:00:00,-0.691571953655249
2024-02-02 05:00:00,-0.6365598803140555
2024-02-02 06:00:00,-0.6499112892093077
2024-02-02 07:00:00,-0.8466875609673106
2024-02-02 08:00:00,-0.7392696307648605
2024-02-02 09:00:00,-0.6675394732416926
2024-02-02 10:00:00,-0.6258270248262212
2024-02-02 11:00:00,-0.5313010520825552
2024-02-02 12:00:00,-0.5499959860013834
2024-02-02 13:00:00,-0.6751369074192024
2024-02-02 14:00:00,-0.47688350514021993
2024-02-02 15:00:00,-0.42663636928525406
2024-02-02 16:00:00,-0.40402529260551023
2024-02-02 17:00:00,-0.3237807804578366
2024-02-02 18:00:00,-0.31989410702909366
2024-02-02 19:00:00,-0.32839699200117617
2024-02-02 20:00:00,-0.35199010494045757
2024-02-02 21:00:00,-0.4813870319271054
2024-02-02 22:00:00,-0.24233474416079315
2024-02-02 23:00:00,-0.2342513076840027
2024-02-03 00:00:00,-0.19733352491803668
2024-02-03 01:00:00,-0.32141560881893155
2024-02-03 02:00:00,-0.2709041662059215
2024-02-03 03:00:00,-0.0263800035023357
2024-02-03 04:00:00,-0.10441735323783741
2024-02-03 05:00:00,-0.0009789748575240176
2024-02-03 06:00:00,-0.034896055065674676
2024-02-03 07:00:00,-0.0033138193664948154
2024-02-03 08:00:00,5.1189836259869725
2024-02-03 09:00:00,0.0049705763620505605
2024-02-03 10:00:00,0.09755098610515725
2024-02-03 11:00:00,0.07298827986566522
2024-02-03 12:00:00,0.10692519907070336
2024-02-03 13:00:00,0.15046792352578386
2024-02-03 14:00:00,0.23442946334587791
2024-02-03 15:00:00,0.19496232321223675
2024-02-03 16:00:00,0.39879376616581386
2024-02-03 17:00:00,0.2138682182526741
2024-02-03 18:00:00,0.31445263032591814
2024-02-03 19:00:00,0.3186481079542478
2024-02-03 20:00:00,0.5364418411557677
2024-02-03 21:00:00,0.4401349909203707
2024-02-03 22:00:00,0.5519836341473232
2024-02-03 23:00:00,0.32811901214272654
2024-02-04 00:00:00,0.5307845823782487
2024-02-04 01:00:00,0.6199486796916609
2024-02-04 02:00:00,0.5655949751891832
2024-02-04 03:00:00,0.6897444347128059
2024-02-04 04:00:00,0.556720675984179
2024-02-04 05:00:00,0.7740357199453772
2024-02-04 06:00:00,0.8870161976311105
2024-02-04 07:00:00,0.644218135311285
2024-02-04 08:00:00,0.6586544269406043
2024-02-04 09:00:00,0.8705504464721663
2024-02-04 10:00:00,0.9044594029011213
2024-02-04 11:00:00,0.7147681921402713
2024-02-04 12:00:00,0.7448290136620027
2024-02-04 13:00:00,0.777684656071616
2024-02-04 14:00:00,0.6896366049999355
2024-02-04 15:00:00,0.7496201026516285
2024-02-04 16:00:00,0.75764275418048
2024-02-04 17:00:00,0.7970001134023144
2024-02-04 18:00:00,0.8851703779136757
2024-02-04 19:00:00,0.926040600922685
2024-02-04 20:00:00,1.0707568777815752
2024-02-04 21:00:00,0.8280536232226294
2024-02-04 22:00:00,1.037585917467425
2024-02-04 23:00:00,0.9280907559322621
2024-02-05 00:00:00,0.9539403237594056
2024-02-05 01:00:00,1.0348174976139495
2024-02-05 02:00:00,0.8625556445183038
2024-02-05 03:00:00,1.0195971553719638
2024-02-05 04:00:00,1.0035593158744653
2024-02-05 05:00:00,1.0407412199981991
2024-02-05 06:00:00,1.0240145098410478
2024-02-05 07:00:00,1.2432452031873509
2024-02-05 08:00:00,0.9355721380368491
2024-02-05 09:00:00,0.9468891789755323
2024-02-05 10:00:00,0.9373287150197536
2024-02-05 11:00:00,0.9427604463552428
2024-02-05 12:00:00,0.9322476533084528
2024-02-05 13:00:00,1.1115813399942756
2024-02-05 14:00:00,1.1304418154324587
2024-02-05 15:00:00,0.9260510884207573
2024-02-05 16:00:00,0.8936523180510701
2024-02-05 17:00:00,1.0168255872963288
2024-02-05 18:00:00,0.9062990058190288
2024-02-05 19:00:00,1.0157009646600035
2024-02-05 20:00:00,0.9626447636194502
2024-02-05 21:00:00,0.7797908779601319
2024-02-05 22:00:00,1.074207651523213
2024-02-05 23:00:00,1.0862275300864423
2024-02-06 00:00:00,0.8316469891011316
2024-02-06 01:00:00,0.8395588225891709
2024-02-06 02:00:00,0.8914500973584232
2024-02-06 03:00:00,0.8799905693287655
2024-02-06 04:00:00,0.8952435387923672
2024-02-06 05:00:00,1.0124336403395031
2024-02-06 06:00:00,0.7749401679922809
2024-02-06 07:00:00,0.6932430689348745
2024-02-06 08:00:00,0.614814315696503
2024-02-06 09:00:00,0.6585823221074883
2024-02-06 10:00:00,0.706568195007052
2024-02-06 11:00:00,0.8668402749808908
2024-02-06 12:00:00,0.6124472309019998
2024-02-06 13:00:00,0.6627542218369172
2024-02-06 14:00:00,0.6142669639599071
2024-02-06 15:00:00,0.7096733623507675
2024-02-06 16:00:00,0.8178678093527574
2024-02-06 17:00:00,0.485869345068188
2024-02-06 18:00:00,0.4632609837012941
2024-02-06 19:00:00,0.5893632244243983
2024-02-06 20:00:00,0.5253989516417118
2024-02-06 21:00:00,0.6136910866359327
2024-02-06 22:00:00,0.45879948470040144
2024-02-06 23:00:00,0.3354678247288647
2024-02-07 00:00:00,0.40108562639490364
2024-02-07 01:00:00,0.42317540228978234
2024-02-07 02:00:00,0.3643293385937117
2024-02-07 03:00:00,0.30270546449585656
2024-02-07 04:00:00,0.32809330128047764
2024-02-07 05:00:00,0.3075842040776364
2024-02-07 06:00:00,0.29791082689130477
2024-02-07 07:00:00,0.19344828404083705
2024-02-07 08:00:00,0.08062071033661929
2024-02-07 09:00:00,0.08066286226995639
2024-02-07 10:00:00,0.15523610946265456
2024-02-07 11:00:00,-0.07854883489098416
2024-02-07 12:00:00,0.008568472804176618
2024-02-07 13:00:00,-0.0990483461159434
2024-02-07 14:00:00,-0.08819654039315503
2024-02-07 15:00:00,0.005507661882274667
2024-02-07 16:00:00,-0.13437314509422243
2024-02-07 17:00:00,-0.17983315198787603
2024-02-07 18:00:00,-0.3512737548430793
2024-02-07 19:00:00,-0.17126122915112385
2024-02-07 20:00:00,-0.2116934662649645
2024-02-07 21:00:00,-0.08999854727623366
2024-02-07 22:00:00,-0.3668810680375143
2024-02-07 23:00:00,-0.34363507905882196
2024-02-08 00:00:00,-0.36969713437836405
2024-02-08 01:00:00,-0.26558532808018437
2024-02-08 02:00:00,-0.4611367496155863
2024-02-08 03:00:00,-0.4515350097117738
2024-02-08 04:00:00,-0.44600338299661524
2024-02-08 05:00:00,-0.514986848086485
2024-02-08 06:00:00,-0.6046181475926455
2024-02-08 07:00:00,-0.5663390782520047
2024-02-08 08:00:00,-0.5035789735594435
2024-02-08 09:00:00,-0.7381836157854867
2024-02-08 10:00:00,-0.6461966061212067
2024-02-08 11:00:00,-0.7528149986571037
2024-02-08 12:00:00,-0.5859324042534676
2024-02-08 13:00:00,-0.879692332051424
2024-02-08 14:00:00,-0.8044831330621462
2024-02-08 15:00:00,-0.7313468190678629
2024-02-08 16:00:00,-0.6322321645091947
2024-02-08 17:00:00,-0.8142961601811043
2024-02-08 18:00:00,-0.8813789336328609
2024-02-08 19:00:00,-0.6550644654421625
2024-02-08 20:00:00,-1.004468970222368
2024-02-08 21:00:00,-1.0951854963398189
2024-02-08 22:00:00,-0.8460752258165716
2024-02-08 23:00:00,-0.9541737058972755
2024-02-09 00:00:00,-1.019089283509084
2024-02-09 01:00:00,-0.8582213282244261
2024-02-09 02:00:00,-0.9158491693326386
2024-02-09 03:00:00,-1.0068796203737833
2024-02-09 04:00:00,-1.0878048342202773
2024-02-09 05:00:00,-0.8808822200741037
2024-02-09 06:00:00,-0.9105040546859716
2024-02-09 07:00:00,-0.9918733256754445
2024-02-09 08:00:00,-0.8027525938520218
2024-02-09 09:00:00,-1.0989089118914919
2024-02-09 10:00:00,-1.1479562476264862
2024-02-09 11:00:00,-1.0671135220163674
2024-02-09 12:00:00,-1.004013499464619
2024-02-09 13:00:00,-0.9756648188963283
2024-02-09 14:00:00,-1.023677381007397
2024-02-09 15:00:00,-0.9629148323867168
2024-02-09 16:00:00,-1.1208539141258824
2024-02-09 17:00:00,-0.8479185072474881
2024-02-09 18:00:00,-0.9961238447794356
2024-02-09 19:00:00,-0.8708160037638154
2024-02-09 20:00:00,-0.9419383163366599
2024-02-09 21:00:00,-0.9232354613207716
2024-02-09 22:00:00,-0.9036758743991016
2024-02-09 23:00:00,-0.9066736186814467
2024-02-10 00:00:00,-0.8770232295427498
2024-02-10 01:00:00,-0.7973004778153627
2024-02-10 02:00:00,-0.8985639899101279
2024-02-10 03:00:00,-0.8344081238237471
2024-02-10 04:00:00,-0.9004792421270073
2024-02-10 05:00:00,-0.7328095536882078
2024-02-10 06:00:00,-0.9289090581451601
2024-02-10 07:00:00,-0.6647726656647377
2024-02-10 08:00:00,-0.8316439336671679
2024-02-10 09:00:00,-0.9526486735525501
2024-02-10 10:00:00,-0.777903197424017
2024-02-10 11:00:00,-0.8391793784462138
2024-02-10 12:00:00,-0.666607950353854
2024-02-10 13:00:00,-0.7947904890524307
2024-02-10 14:00:00,-0.7522808222079842
2024-02-10 15:00:00,-0.874051163578337
2024-02-10 16:00:00,-0.7070848717547773
2024-02-10 17:00:00,-0.8803448434160104
2024-02-10 18:00:00,-0.7718190166152353
2024-02-10 19:00:00,-0.5122524995863779
2024-02-10 20:00:00,-0.4839974423533576
2024-02-10 21:00:00,-0.4937588870588881
2024-02-10 22:00:00,-0.606199114596798
2024-02-10 23:00:00,-0.48696566941624747
2024-02-11 00:00:00,-0.45477100035393736
2024-02-11 01:00:00,-0.542014081291694
2024-02-11 02:00:00,-0.24718321990720057
2024-02-11 03:00:00,-0.28073916575268687
2024-02-11 04:00:00,-0.3611597878776439
2024-02-11 05:00:00,-0.30662747748941954
2024-02-11 06:00:00,-0.2584246024980766
2024-02-11 07:00:00,-0.453107041309324
2024-02-11 08:00:00,-0.2430758044967099
2024-02-11 09:00:00,-0.2557650781756198
2024-02-11 10:00:00,-0.25675176511805353
2024-02-11 11:00:00,-0.15356805946889382
2024-02-11 12:00:00,0.08556641635732222
2024-02-11 13:00:00,0.0012309960822172866
2024-02-11 14:00:00,-0.08856008989740355
2024-02-11 15:00:00,0.05725827813561464
